section	title	url
19世紀の哲学	アルトゥル・ショーペンハウアー	https://ja.wikipedia.org/wiki/%E3%82%A2%E3%83%AB%E3%83%88%E3%82%A5%E3%83%AB%E3%83%BB%E3%82%B7%E3%83%A7%E3%83%BC%E3%83%9A%E3%83%B3%E3%83%8F%E3%82%A6%E3%82%A2%E3%83%BC
19世紀の哲学	イギリス観念論	https://ja.wikipedia.org/wiki/%E3%82%A4%E3%82%AE%E3%83%AA%E3%82%B9%E8%A6%B3%E5%BF%B5%E8%AB%96
19世紀の哲学	インド哲学	https://ja.wikipedia.org/wiki/%E3%82%A4%E3%83%B3%E3%83%89%E5%93%B2%E5%AD%A6
19世紀の哲学	ウィリアム・ジェームズ	https://ja.wikipedia.org/wiki/%E3%82%A6%E3%82%A3%E3%83%AA%E3%82%A2%E3%83%A0%E3%83%BB%E3%82%B8%E3%82%A7%E3%83%BC%E3%83%A0%E3%82%BA
19世紀の哲学	カール・マルクス	https://ja.wikipedia.org/wiki/%E3%82%AB%E3%83%BC%E3%83%AB%E3%83%BB%E3%83%9E%E3%83%AB%E3%82%AF%E3%82%B9
19世紀の哲学	ゲオルク・ヴィルヘルム・フリードリヒ・ヘーゲル	https://ja.wikipedia.org/wiki/%E3%82%B2%E3%82%AA%E3%83%AB%E3%82%AF%E3%83%BB%E3%83%B4%E3%82%A3%E3%83%AB%E3%83%98%E3%83%AB%E3%83%A0%E3%83%BB%E3%83%95%E3%83%AA%E3%83%BC%E3%83%89%E3%83%AA%E3%83%92%E3%83%BB%E3%83%98%E3%83%BC%E3%82%B2%E3%83%AB
19世紀の哲学	ジェレミー・ベンサム	https://ja.wikipedia.org/wiki/%E3%82%B8%E3%82%A7%E3%83%AC%E3%83%9F%E3%83%BC%E3%83%BB%E3%83%99%E3%83%B3%E3%82%B5%E3%83%A0
19世紀の哲学	ジョン・スチュアート・ミル	https://ja.wikipedia.org/wiki/%E3%82%B8%E3%83%A7%E3%83%B3%E3%83%BB%E3%82%B9%E3%83%81%E3%83%A5%E3%82%A2%E3%83%BC%E3%83%88%E3%83%BB%E3%83%9F%E3%83%AB
19世紀の哲学	チャールズ・サンダース・パース	https://ja.wikipedia.org/wiki/%E3%83%81%E3%83%A3%E3%83%BC%E3%83%AB%E3%82%BA%E3%83%BB%E3%82%B5%E3%83%B3%E3%83%80%E3%83%BC%E3%82%B9%E3%83%BB%E3%83%91%E3%83%BC%E3%82%B9
19世紀の哲学	ドイツ観念論	https://ja.wikipedia.org/wiki/%E3%83%89%E3%82%A4%E3%83%84%E8%A6%B3%E5%BF%B5%E8%AB%96
19世紀の哲学	フランシス・ハーバート・ブラッドリー	https://ja.wikipedia.org/wiki/%E3%83%95%E3%83%A9%E3%83%B3%E3%82%B7%E3%82%B9%E3%83%BB%E3%83%8F%E3%83%BC%E3%83%90%E3%83%BC%E3%83%88%E3%83%BB%E3%83%96%E3%83%A9%E3%83%83%E3%83%89%E3%83%AA%E3%83%BC
19世紀の哲学	フリードリヒ・シェリング	https://ja.wikipedia.org/wiki/%E3%83%95%E3%83%AA%E3%83%BC%E3%83%89%E3%83%AA%E3%83%92%E3%83%BB%E3%82%B7%E3%82%A7%E3%83%AA%E3%83%B3%E3%82%B0
19世紀の哲学	フリードリヒ・ニーチェ	https://ja.wikipedia.org/wiki/%E3%83%95%E3%83%AA%E3%83%BC%E3%83%89%E3%83%AA%E3%83%92%E3%83%BB%E3%83%8B%E3%83%BC%E3%83%81%E3%82%A7
19世紀の哲学	プラグマティズム	https://ja.wikipedia.org/wiki/%E3%83%97%E3%83%A9%E3%82%B0%E3%83%9E%E3%83%86%E3%82%A3%E3%82%BA%E3%83%A0
19世紀の哲学	マルクス主義	https://ja.wikipedia.org/wiki/%E3%83%9E%E3%83%AB%E3%82%AF%E3%82%B9%E4%B8%BB%E7%BE%A9
19世紀の哲学	ヨハン・ゴットフリート・ヘルダー	https://ja.wikipedia.org/wiki/%E3%83%A8%E3%83%8F%E3%83%B3%E3%83%BB%E3%82%B4%E3%83%83%E3%83%88%E3%83%95%E3%83%AA%E3%83%BC%E3%83%88%E3%83%BB%E3%83%98%E3%83%AB%E3%83%80%E3%83%BC
19世紀の哲学	ヨハン・ゴットリープ・フィヒテ	https://ja.wikipedia.org/wiki/%E3%83%A8%E3%83%8F%E3%83%B3%E3%83%BB%E3%82%B4%E3%83%83%E3%83%88%E3%83%AA%E3%83%BC%E3%83%97%E3%83%BB%E3%83%95%E3%82%A3%E3%83%92%E3%83%86
19世紀の哲学	力への意志	https://ja.wikipedia.org/wiki/%E5%8A%9B%E3%81%B8%E3%81%AE%E6%84%8F%E5%BF%97
19世紀の哲学	功利主義	https://ja.wikipedia.org/wiki/%E5%8A%9F%E5%88%A9%E4%B8%BB%E7%BE%A9
19世紀の哲学	効用	https://ja.wikipedia.org/wiki/%E5%8A%B9%E7%94%A8
19世紀の哲学	唯物弁証法	https://ja.wikipedia.org/wiki/%E5%94%AF%E7%89%A9%E5%BC%81%E8%A8%BC%E6%B3%95
19世紀の哲学	悟性	https://ja.wikipedia.org/wiki/%E6%82%9F%E6%80%A7
19世紀の哲学	悲観主義	https://ja.wikipedia.org/wiki/%E6%82%B2%E8%A6%B3%E4%B8%BB%E7%BE%A9
19世紀の哲学	意志	https://ja.wikipedia.org/wiki/%E6%84%8F%E5%BF%97
19世紀の哲学	意識の流れ	https://ja.wikipedia.org/wiki/%E6%84%8F%E8%AD%98%E3%81%AE%E6%B5%81%E3%82%8C
19世紀の哲学	新カント派	https://ja.wikipedia.org/wiki/%E6%96%B0%E3%82%AB%E3%83%B3%E3%83%88%E6%B4%BE
19世紀の哲学	最大多数の最大幸福	https://ja.wikipedia.org/wiki/%E6%9C%80%E5%A4%A7%E5%A4%9A%E6%95%B0%E3%81%AE%E6%9C%80%E5%A4%A7%E5%B9%B8%E7%A6%8F
19世紀の哲学	歴史主義	https://ja.wikipedia.org/wiki/%E6%AD%B4%E5%8F%B2%E4%B8%BB%E7%BE%A9
19世紀の哲学	物自体	https://ja.wikipedia.org/wiki/%E7%89%A9%E8%87%AA%E4%BD%93
19世紀の哲学	絶対知	https://ja.wikipedia.org/wiki/%E7%B5%B6%E5%AF%BE%E7%9F%A5
19世紀の哲学	絶対精神	https://ja.wikipedia.org/wiki/%E7%B5%B6%E5%AF%BE%E7%B2%BE%E7%A5%9E
19世紀の哲学	絶対者	https://ja.wikipedia.org/wiki/%E7%B5%B6%E5%AF%BE%E8%80%85
19世紀の哲学	階級闘争	https://ja.wikipedia.org/wiki/%E9%9A%8E%E7%B4%9A%E9%97%98%E4%BA%89
20世紀の哲学	シモーヌ・ド・ボーヴォワール	https://ja.wikipedia.org/wiki/%E3%82%B7%E3%83%A2%E3%83%BC%E3%83%8C%E3%83%BB%E3%83%89%E3%83%BB%E3%83%9C%E3%83%BC%E3%83%B4%E3%82%A9%E3%83%AF%E3%83%BC%E3%83%AB
20世紀の哲学	ジュディス・バトラー	https://ja.wikipedia.org/wiki/%E3%82%B8%E3%83%A5%E3%83%87%E3%82%A3%E3%82%B9%E3%83%BB%E3%83%90%E3%83%88%E3%83%A9%E3%83%BC
20世紀の哲学	ヒラリー・パトナム	https://ja.wikipedia.org/wiki/%E3%83%92%E3%83%A9%E3%83%AA%E3%83%BC%E3%83%BB%E3%83%91%E3%83%88%E3%83%8A%E3%83%A0
20世紀の哲学	フェミニスト哲学	https://ja.wikipedia.org/wiki/%E3%83%95%E3%82%A7%E3%83%9F%E3%83%8B%E3%82%B9%E3%83%88%E5%93%B2%E5%AD%A6
20世紀の哲学	マーサ・ヌスバウム	https://ja.wikipedia.org/wiki/%E3%83%9E%E3%83%BC%E3%82%B5%E3%83%BB%E3%83%8C%E3%82%B9%E3%83%90%E3%82%A6%E3%83%A0
20世紀の哲学	リチャード・ローティ	https://ja.wikipedia.org/wiki/%E3%83%AA%E3%83%81%E3%83%A3%E3%83%BC%E3%83%89%E3%83%BB%E3%83%AD%E3%83%BC%E3%83%86%E3%82%A3
20世紀の哲学	分析哲学	https://ja.wikipedia.org/wiki/%E5%88%86%E6%9E%90%E5%93%B2%E5%AD%A6
20世紀の哲学	大陸哲学	https://ja.wikipedia.org/wiki/%E5%A4%A7%E9%99%B8%E5%93%B2%E5%AD%A6
20世紀の哲学	実存主義	https://ja.wikipedia.org/wiki/%E5%AE%9F%E5%AD%98%E4%B8%BB%E7%BE%A9
20世紀の哲学	批判理論	https://ja.wikipedia.org/wiki/%E6%89%B9%E5%88%A4%E7%90%86%E8%AB%96
20世紀の哲学	現象学	https://ja.wikipedia.org/wiki/%E7%8F%BE%E8%B1%A1%E5%AD%A6
20世紀の哲学	精神分析学	https://ja.wikipedia.org/wiki/%E7%B2%BE%E7%A5%9E%E5%88%86%E6%9E%90%E5%AD%A6
20世紀の哲学	脱構築	https://ja.wikipedia.org/wiki/%E8%84%B1%E6%A7%8B%E7%AF%89
20世紀の哲学	解釈学	https://ja.wikipedia.org/wiki/%E8%A7%A3%E9%87%88%E5%AD%A6
スコラ学	アンセルムス	https://ja.wikipedia.org/wiki/%E3%82%A2%E3%83%B3%E3%82%BB%E3%83%AB%E3%83%A0%E3%82%B9
スコラ学	オッカムのウィリアム	https://ja.wikipedia.org/wiki/%E3%82%AA%E3%83%83%E3%82%AB%E3%83%A0%E3%81%AE%E3%82%A6%E3%82%A3%E3%83%AA%E3%82%A2%E3%83%A0
スコラ学	オッカムの剃刀	https://ja.wikipedia.org/wiki/%E3%82%AA%E3%83%83%E3%82%AB%E3%83%A0%E3%81%AE%E5%89%83%E5%88%80
スコラ学	トマス・アクィナス	https://ja.wikipedia.org/wiki/%E3%83%88%E3%83%9E%E3%82%B9%E3%83%BB%E3%82%A2%E3%82%AF%E3%82%A3%E3%83%8A%E3%82%B9
スコラ学	ピエール・アベラール	https://ja.wikipedia.org/wiki/%E3%83%94%E3%82%A8%E3%83%BC%E3%83%AB%E3%83%BB%E3%82%A2%E3%83%99%E3%83%A9%E3%83%BC%E3%83%AB
スコラ学	ヨハネス・ドゥンス・スコトゥス	https://ja.wikipedia.org/wiki/%E3%83%A8%E3%83%8F%E3%83%8D%E3%82%B9%E3%83%BB%E3%83%89%E3%82%A5%E3%83%B3%E3%82%B9%E3%83%BB%E3%82%B9%E3%82%B3%E3%83%88%E3%82%A5%E3%82%B9
スコラ学	人間の本性	https://ja.wikipedia.org/wiki/%E4%BA%BA%E9%96%93%E3%81%AE%E6%9C%AC%E6%80%A7
スコラ学	啓示	https://ja.wikipedia.org/wiki/%E5%95%93%E7%A4%BA
スコラ学	神の存在論的証明	https://ja.wikipedia.org/wiki/%E7%A5%9E%E3%81%AE%E5%AD%98%E5%9C%A8%E8%AB%96%E7%9A%84%E8%A8%BC%E6%98%8E
スコラ学	神学大全	https://ja.wikipedia.org/wiki/%E7%A5%9E%E5%AD%A6%E5%A4%A7%E5%85%A8
スコラ学	自然神学	https://ja.wikipedia.org/wiki/%E8%87%AA%E7%84%B6%E7%A5%9E%E5%AD%A6
ソクラテス以前の哲学	アナクサゴラス	https://ja.wikipedia.org/wiki/%E3%82%A2%E3%83%8A%E3%82%AF%E3%82%B5%E3%82%B4%E3%83%A9%E3%82%B9
ソクラテス以前の哲学	アナクシマンドロス	https://ja.wikipedia.org/wiki/%E3%82%A2%E3%83%8A%E3%82%AF%E3%82%B7%E3%83%9E%E3%83%B3%E3%83%89%E3%83%AD%E3%82%B9
ソクラテス以前の哲学	アナクシメネス	https://ja.wikipedia.org/wiki/%E3%82%A2%E3%83%8A%E3%82%AF%E3%82%B7%E3%83%A1%E3%83%8D%E3%82%B9
ソクラテス以前の哲学	アペイロン	https://ja.wikipedia.org/wiki/%E3%82%A2%E3%83%9A%E3%82%A4%E3%83%AD%E3%83%B3
ソクラテス以前の哲学	アルケー	https://ja.wikipedia.org/wiki/%E3%82%A2%E3%83%AB%E3%82%B1%E3%83%BC
ソクラテス以前の哲学	ウーラノス	https://ja.wikipedia.org/wiki/%E3%82%A6%E3%83%BC%E3%83%A9%E3%83%8E%E3%82%B9
ソクラテス以前の哲学	エンペドクレス	https://ja.wikipedia.org/wiki/%E3%82%A8%E3%83%B3%E3%83%9A%E3%83%89%E3%82%AF%E3%83%AC%E3%82%B9
ソクラテス以前の哲学	ガイア	https://ja.wikipedia.org/wiki/%E3%82%AC%E3%82%A4%E3%82%A2
ソクラテス以前の哲学	ギリシア神話	https://ja.wikipedia.org/wiki/%E3%82%AE%E3%83%AA%E3%82%B7%E3%82%A2%E7%A5%9E%E8%A9%B1
ソクラテス以前の哲学	コスモス	https://ja.wikipedia.org/wiki/%E3%82%B3%E3%82%B9%E3%83%A2%E3%82%B9
ソクラテス以前の哲学	ゴルギアス	https://ja.wikipedia.org/wiki/%E3%82%B4%E3%83%AB%E3%82%AE%E3%82%A2%E3%82%B9
ソクラテス以前の哲学	ゼノン (エレア派)	https://ja.wikipedia.org/wiki/%E3%82%BC%E3%83%8E%E3%83%B3%20%28%E3%82%A8%E3%83%AC%E3%82%A2%E6%B4%BE%29
ソクラテス以前の哲学	ソクラテス以前の哲学	https://ja.wikipedia.org/wiki/%E3%82%BD%E3%82%AF%E3%83%A9%E3%83%86%E3%82%B9%E4%BB%A5%E5%89%8D%E3%81%AE%E5%93%B2%E5%AD%A6
ソクラテス以前の哲学	ソフィスト	https://ja.wikipedia.org/wiki/%E3%82%BD%E3%83%95%E3%82%A3%E3%82%B9%E3%83%88
ソクラテス以前の哲学	タレス	https://ja.wikipedia.org/wiki/%E3%82%BF%E3%83%AC%E3%82%B9
ソクラテス以前の哲学	デモクリトス	https://ja.wikipedia.org/wiki/%E3%83%87%E3%83%A2%E3%82%AF%E3%83%AA%E3%83%88%E3%82%B9
ソクラテス以前の哲学	パルメニデス	https://ja.wikipedia.org/wiki/%E3%83%91%E3%83%AB%E3%83%A1%E3%83%8B%E3%83%87%E3%82%B9
ソクラテス以前の哲学	ピタゴラス教団	https://ja.wikipedia.org/wiki/%E3%83%94%E3%82%BF%E3%82%B4%E3%83%A9%E3%82%B9%E6%95%99%E5%9B%A3
ソクラテス以前の哲学	プロタゴラス	https://ja.wikipedia.org/wiki/%E3%83%97%E3%83%AD%E3%82%BF%E3%82%B4%E3%83%A9%E3%82%B9
ソクラテス以前の哲学	ヘラクレイトス	https://ja.wikipedia.org/wiki/%E3%83%98%E3%83%A9%E3%82%AF%E3%83%AC%E3%82%A4%E3%83%88%E3%82%B9
ソクラテス以前の哲学	ミレトス	https://ja.wikipedia.org/wiki/%E3%83%9F%E3%83%AC%E3%83%88%E3%82%B9
ソクラテス以前の哲学	ミレトス学派	https://ja.wikipedia.org/wiki/%E3%83%9F%E3%83%AC%E3%83%88%E3%82%B9%E5%AD%A6%E6%B4%BE
ソクラテス以前の哲学	ロゴス	https://ja.wikipedia.org/wiki/%E3%83%AD%E3%82%B4%E3%82%B9
ソクラテス以前の哲学	弁論術	https://ja.wikipedia.org/wiki/%E5%BC%81%E8%AB%96%E8%A1%93
ソクラテス以前の哲学	第一原理	https://ja.wikipedia.org/wiki/%E7%AC%AC%E4%B8%80%E5%8E%9F%E7%90%86
ソクラテス以前の哲学	紀元前4世紀	https://ja.wikipedia.org/wiki/%E7%B4%80%E5%85%83%E5%89%8D4%E4%B8%96%E7%B4%80
ヘレニズム哲学・ローマ哲学	アタラクシア	https://ja.wikipedia.org/wiki/%E3%82%A2%E3%82%BF%E3%83%A9%E3%82%AF%E3%82%B7%E3%82%A2
ヘレニズム哲学・ローマ哲学	アパテイア	https://ja.wikipedia.org/wiki/%E3%82%A2%E3%83%91%E3%83%86%E3%82%A4%E3%82%A2
ヘレニズム哲学・ローマ哲学	アレクサンドロス3世	https://ja.wikipedia.org/wiki/%E3%82%A2%E3%83%AC%E3%82%AF%E3%82%B5%E3%83%B3%E3%83%89%E3%83%AD%E3%82%B93%E4%B8%96
ヘレニズム哲学・ローマ哲学	エピクロス主義	https://ja.wikipedia.org/wiki/%E3%82%A8%E3%83%94%E3%82%AF%E3%83%AD%E3%82%B9%E4%B8%BB%E7%BE%A9
ヘレニズム哲学・ローマ哲学	エポケー	https://ja.wikipedia.org/wiki/%E3%82%A8%E3%83%9D%E3%82%B1%E3%83%BC
ヘレニズム哲学・ローマ哲学	ストア派	https://ja.wikipedia.org/wiki/%E3%82%B9%E3%83%88%E3%82%A2%E6%B4%BE
ヘレニズム哲学・ローマ哲学	テュロスのポルピュリオス	https://ja.wikipedia.org/wiki/%E3%83%86%E3%83%A5%E3%83%AD%E3%82%B9%E3%81%AE%E3%83%9D%E3%83%AB%E3%83%94%E3%83%A5%E3%83%AA%E3%82%AA%E3%82%B9
ヘレニズム哲学・ローマ哲学	ヌース	https://ja.wikipedia.org/wiki/%E3%83%8C%E3%83%BC%E3%82%B9
ヘレニズム哲学・ローマ哲学	プロティノス	https://ja.wikipedia.org/wiki/%E3%83%97%E3%83%AD%E3%83%86%E3%82%A3%E3%83%8E%E3%82%B9
ヘレニズム哲学・ローマ哲学	ヘレニズム哲学	https://ja.wikipedia.org/wiki/%E3%83%98%E3%83%AC%E3%83%8B%E3%82%BA%E3%83%A0%E5%93%B2%E5%AD%A6
ヘレニズム哲学・ローマ哲学	一者	https://ja.wikipedia.org/wiki/%E4%B8%80%E8%80%85
ヘレニズム哲学・ローマ哲学	共和政ローマ	https://ja.wikipedia.org/wiki/%E5%85%B1%E5%92%8C%E6%94%BF%E3%83%AD%E3%83%BC%E3%83%9E
ヘレニズム哲学・ローマ哲学	快楽主義	https://ja.wikipedia.org/wiki/%E5%BF%AB%E6%A5%BD%E4%B8%BB%E7%BE%A9
ヘレニズム哲学・ローマ哲学	懐疑主義	https://ja.wikipedia.org/wiki/%E6%87%90%E7%96%91%E4%B8%BB%E7%BE%A9
ヘレニズム哲学・ローマ哲学	新プラトン主義	https://ja.wikipedia.org/wiki/%E6%96%B0%E3%83%97%E3%83%A9%E3%83%88%E3%83%B3%E4%B8%BB%E7%BE%A9
ルネサンス哲学	キリスト教神学	https://ja.wikipedia.org/wiki/%E3%82%AD%E3%83%AA%E3%82%B9%E3%83%88%E6%95%99%E7%A5%9E%E5%AD%A6
ルネサンス哲学	コペルニクス的転回	https://ja.wikipedia.org/wiki/%E3%82%B3%E3%83%9A%E3%83%AB%E3%83%8B%E3%82%AF%E3%82%B9%E7%9A%84%E8%BB%A2%E5%9B%9E
ルネサンス哲学	トマス・モア	https://ja.wikipedia.org/wiki/%E3%83%88%E3%83%9E%E3%82%B9%E3%83%BB%E3%83%A2%E3%82%A2
ルネサンス哲学	ニッコロ・マキャヴェッリ	https://ja.wikipedia.org/wiki/%E3%83%8B%E3%83%83%E3%82%B3%E3%83%AD%E3%83%BB%E3%83%9E%E3%82%AD%E3%83%A3%E3%83%B4%E3%82%A7%E3%83%83%E3%83%AA
ルネサンス哲学	ノヴム・オルガヌム	https://ja.wikipedia.org/wiki/%E3%83%8E%E3%83%B4%E3%83%A0%E3%83%BB%E3%82%AA%E3%83%AB%E3%82%AC%E3%83%8C%E3%83%A0
ルネサンス哲学	フランシス・ベーコン	https://ja.wikipedia.org/wiki/%E3%83%95%E3%83%A9%E3%83%B3%E3%82%B7%E3%82%B9%E3%83%BB%E3%83%99%E3%83%BC%E3%82%B3%E3%83%B3
ルネサンス哲学	マルシリオ・フィチーノ	https://ja.wikipedia.org/wiki/%E3%83%9E%E3%83%AB%E3%82%B7%E3%83%AA%E3%82%AA%E3%83%BB%E3%83%95%E3%82%A3%E3%83%81%E3%83%BC%E3%83%8E
ルネサンス哲学	ルネサンス	https://ja.wikipedia.org/wiki/%E3%83%AB%E3%83%8D%E3%82%B5%E3%83%B3%E3%82%B9
ルネサンス哲学	人文主義	https://ja.wikipedia.org/wiki/%E4%BA%BA%E6%96%87%E4%B8%BB%E7%BE%A9
ルネサンス哲学	帰納	https://ja.wikipedia.org/wiki/%E5%B8%B0%E7%B4%8D
ルネサンス哲学	科学革命	https://ja.wikipedia.org/wiki/%E7%A7%91%E5%AD%A6%E9%9D%A9%E5%91%BD
中世哲学	アウグスティヌス	https://ja.wikipedia.org/wiki/%E3%82%A2%E3%82%A6%E3%82%B0%E3%82%B9%E3%83%86%E3%82%A3%E3%83%8C%E3%82%B9
中世哲学	キリスト教神学	https://ja.wikipedia.org/wiki/%E3%82%AD%E3%83%AA%E3%82%B9%E3%83%88%E6%95%99%E7%A5%9E%E5%AD%A6
中世哲学	ボエティウス	https://ja.wikipedia.org/wiki/%E3%83%9C%E3%82%A8%E3%83%86%E3%82%A3%E3%82%A6%E3%82%B9
中世哲学	唯名論	https://ja.wikipedia.org/wiki/%E5%94%AF%E5%90%8D%E8%AB%96
中世哲学	正戦論	https://ja.wikipedia.org/wiki/%E6%AD%A3%E6%88%A6%E8%AB%96
中世哲学	神の存在証明	https://ja.wikipedia.org/wiki/%E7%A5%9E%E3%81%AE%E5%AD%98%E5%9C%A8%E8%A8%BC%E6%98%8E
中世哲学	自由意志	https://ja.wikipedia.org/wiki/%E8%87%AA%E7%94%B1%E6%84%8F%E5%BF%97
分析哲学	ウィラード・ヴァン・オーマン・クワイン	https://ja.wikipedia.org/wiki/%E3%82%A6%E3%82%A3%E3%83%A9%E3%83%BC%E3%83%89%E3%83%BB%E3%83%B4%E3%82%A1%E3%83%B3%E3%83%BB%E3%82%AA%E3%83%BC%E3%83%9E%E3%83%B3%E3%83%BB%E3%82%AF%E3%83%AF%E3%82%A4%E3%83%B3
分析哲学	ウィーン学団	https://ja.wikipedia.org/wiki/%E3%82%A6%E3%82%A3%E3%83%BC%E3%83%B3%E5%AD%A6%E5%9B%A3
分析哲学	ギルバート・ライル	https://ja.wikipedia.org/wiki/%E3%82%AE%E3%83%AB%E3%83%90%E3%83%BC%E3%83%88%E3%83%BB%E3%83%A9%E3%82%A4%E3%83%AB
分析哲学	ゴットロープ・フレーゲ	https://ja.wikipedia.org/wiki/%E3%82%B4%E3%83%83%E3%83%88%E3%83%AD%E3%83%BC%E3%83%97%E3%83%BB%E3%83%95%E3%83%AC%E3%83%BC%E3%82%B2
分析哲学	ジョン・L・オースティン	https://ja.wikipedia.org/wiki/%E3%82%B8%E3%83%A7%E3%83%B3%E3%83%BBL%E3%83%BB%E3%82%AA%E3%83%BC%E3%82%B9%E3%83%86%E3%82%A3%E3%83%B3
分析哲学	ジョン・マッキー (哲学者)	https://ja.wikipedia.org/wiki/%E3%82%B8%E3%83%A7%E3%83%B3%E3%83%BB%E3%83%9E%E3%83%83%E3%82%AD%E3%83%BC%20%28%E5%93%B2%E5%AD%A6%E8%80%85%29
分析哲学	ジョン・ロールズ	https://ja.wikipedia.org/wiki/%E3%82%B8%E3%83%A7%E3%83%B3%E3%83%BB%E3%83%AD%E3%83%BC%E3%83%AB%E3%82%BA
分析哲学	ジョージ・エドワード・ムーア	https://ja.wikipedia.org/wiki/%E3%82%B8%E3%83%A7%E3%83%BC%E3%82%B8%E3%83%BB%E3%82%A8%E3%83%89%E3%83%AF%E3%83%BC%E3%83%89%E3%83%BB%E3%83%A0%E3%83%BC%E3%82%A2
分析哲学	バートランド・ラッセル	https://ja.wikipedia.org/wiki/%E3%83%90%E3%83%BC%E3%83%88%E3%83%A9%E3%83%B3%E3%83%89%E3%83%BB%E3%83%A9%E3%83%83%E3%82%BB%E3%83%AB
分析哲学	ピーター・フレデリック・ストローソン	https://ja.wikipedia.org/wiki/%E3%83%94%E3%83%BC%E3%82%BF%E3%83%BC%E3%83%BB%E3%83%95%E3%83%AC%E3%83%87%E3%83%AA%E3%83%83%E3%82%AF%E3%83%BB%E3%82%B9%E3%83%88%E3%83%AD%E3%83%BC%E3%82%BD%E3%83%B3
分析哲学	リチャード・マーヴィン・ヘア	https://ja.wikipedia.org/wiki/%E3%83%AA%E3%83%81%E3%83%A3%E3%83%BC%E3%83%89%E3%83%BB%E3%83%9E%E3%83%BC%E3%83%B4%E3%82%A3%E3%83%B3%E3%83%BB%E3%83%98%E3%82%A2
分析哲学	ルドルフ・カルナップ	https://ja.wikipedia.org/wiki/%E3%83%AB%E3%83%89%E3%83%AB%E3%83%95%E3%83%BB%E3%82%AB%E3%83%AB%E3%83%8A%E3%83%83%E3%83%97
分析哲学	ルートヴィヒ・ウィトゲンシュタイン	https://ja.wikipedia.org/wiki/%E3%83%AB%E3%83%BC%E3%83%88%E3%83%B4%E3%82%A3%E3%83%92%E3%83%BB%E3%82%A6%E3%82%A3%E3%83%88%E3%82%B2%E3%83%B3%E3%82%B7%E3%83%A5%E3%82%BF%E3%82%A4%E3%83%B3
分析哲学	ロバート・ノージック	https://ja.wikipedia.org/wiki/%E3%83%AD%E3%83%90%E3%83%BC%E3%83%88%E3%83%BB%E3%83%8E%E3%83%BC%E3%82%B8%E3%83%83%E3%82%AF
分析哲学	公理	https://ja.wikipedia.org/wiki/%E5%85%AC%E7%90%86
分析哲学	命題	https://ja.wikipedia.org/wiki/%E5%91%BD%E9%A1%8C
分析哲学	常識	https://ja.wikipedia.org/wiki/%E5%B8%B8%E8%AD%98
分析哲学	日常言語学派	https://ja.wikipedia.org/wiki/%E6%97%A5%E5%B8%B8%E8%A8%80%E8%AA%9E%E5%AD%A6%E6%B4%BE
分析哲学	算術	https://ja.wikipedia.org/wiki/%E7%AE%97%E8%A1%93
分析哲学	経験主義の二つのドグマ	https://ja.wikipedia.org/wiki/%E7%B5%8C%E9%A8%93%E4%B8%BB%E7%BE%A9%E3%81%AE%E4%BA%8C%E3%81%A4%E3%81%AE%E3%83%89%E3%82%B0%E3%83%9E
分析哲学	自然科学	https://ja.wikipedia.org/wiki/%E8%87%AA%E7%84%B6%E7%A7%91%E5%AD%A6
分析哲学	言語ゲーム	https://ja.wikipedia.org/wiki/%E8%A8%80%E8%AA%9E%E3%82%B2%E3%83%BC%E3%83%A0
分析哲学	言語行為	https://ja.wikipedia.org/wiki/%E8%A8%80%E8%AA%9E%E8%A1%8C%E7%82%BA
分析哲学	言語論的転回	https://ja.wikipedia.org/wiki/%E8%A8%80%E8%AA%9E%E8%AB%96%E7%9A%84%E8%BB%A2%E5%9B%9E
分析哲学	論理主義 (数学)	https://ja.wikipedia.org/wiki/%E8%AB%96%E7%90%86%E4%B8%BB%E7%BE%A9%20%28%E6%95%B0%E5%AD%A6%29
分析哲学	論理哲学論考	https://ja.wikipedia.org/wiki/%E8%AB%96%E7%90%86%E5%93%B2%E5%AD%A6%E8%AB%96%E8%80%83
分析哲学	論理実証主義	https://ja.wikipedia.org/wiki/%E8%AB%96%E7%90%86%E5%AE%9F%E8%A8%BC%E4%B8%BB%E7%BE%A9
古代	アカデメイア	https://ja.wikipedia.org/wiki/%E3%82%A2%E3%82%AB%E3%83%87%E3%83%A1%E3%82%A4%E3%82%A2
古代	アテネ	https://ja.wikipedia.org/wiki/%E3%82%A2%E3%83%86%E3%83%8D
古代	ユスティニアヌス1世	https://ja.wikipedia.org/wiki/%E3%83%A6%E3%82%B9%E3%83%86%E3%82%A3%E3%83%8B%E3%82%A2%E3%83%8C%E3%82%B91%E4%B8%96
古代	古代ギリシャ	https://ja.wikipedia.org/wiki/%E5%8F%A4%E4%BB%A3%E3%82%AE%E3%83%AA%E3%82%B7%E3%83%A3
古代	東ローマ帝国	https://ja.wikipedia.org/wiki/%E6%9D%B1%E3%83%AD%E3%83%BC%E3%83%9E%E5%B8%9D%E5%9B%BD
古代	紀元前6世紀	https://ja.wikipedia.org/wiki/%E7%B4%80%E5%85%83%E5%89%8D6%E4%B8%96%E7%B4%80
古典期の哲学	アリストテレス	https://ja.wikipedia.org/wiki/%E3%82%A2%E3%83%AA%E3%82%B9%E3%83%88%E3%83%86%E3%83%AC%E3%82%B9
古典期の哲学	イデア論	https://ja.wikipedia.org/wiki/%E3%82%A4%E3%83%87%E3%82%A2%E8%AB%96
古典期の哲学	エウダイモニア	https://ja.wikipedia.org/wiki/%E3%82%A8%E3%82%A6%E3%83%80%E3%82%A4%E3%83%A2%E3%83%8B%E3%82%A2
古典期の哲学	ソクラテス	https://ja.wikipedia.org/wiki/%E3%82%BD%E3%82%AF%E3%83%A9%E3%83%86%E3%82%B9
古典期の哲学	ソクラテス式問答法	https://ja.wikipedia.org/wiki/%E3%82%BD%E3%82%AF%E3%83%A9%E3%83%86%E3%82%B9%E5%BC%8F%E5%95%8F%E7%AD%94%E6%B3%95
古典期の哲学	プラトン	https://ja.wikipedia.org/wiki/%E3%83%97%E3%83%A9%E3%83%88%E3%83%B3
古典期の哲学	倫理学	https://ja.wikipedia.org/wiki/%E5%80%AB%E7%90%86%E5%AD%A6
古典期の哲学	勇気	https://ja.wikipedia.org/wiki/%E5%8B%87%E6%B0%97
古典期の哲学	善	https://ja.wikipedia.org/wiki/%E5%96%84
古典期の哲学	四原因説	https://ja.wikipedia.org/wiki/%E5%9B%9B%E5%8E%9F%E5%9B%A0%E8%AA%AC
古典期の哲学	形相	https://ja.wikipedia.org/wiki/%E5%BD%A2%E7%9B%B8
古典期の哲学	形而上学	https://ja.wikipedia.org/wiki/%E5%BD%A2%E8%80%8C%E4%B8%8A%E5%AD%A6
古典期の哲学	心理学	https://ja.wikipedia.org/wiki/%E5%BF%83%E7%90%86%E5%AD%A6
古典期の哲学	推論	https://ja.wikipedia.org/wiki/%E6%8E%A8%E8%AB%96
古典期の哲学	政治哲学	https://ja.wikipedia.org/wiki/%E6%94%BF%E6%B2%BB%E5%93%B2%E5%AD%A6
古典期の哲学	普遍論争	https://ja.wikipedia.org/wiki/%E6%99%AE%E9%81%8D%E8%AB%96%E4%BA%89
古典期の哲学	正義	https://ja.wikipedia.org/wiki/%E6%AD%A3%E7%BE%A9
古典期の哲学	知恵	https://ja.wikipedia.org/wiki/%E7%9F%A5%E6%81%B5
古典期の哲学	美	https://ja.wikipedia.org/wiki/%E7%BE%8E
古典期の哲学	自然哲学	https://ja.wikipedia.org/wiki/%E8%87%AA%E7%84%B6%E5%93%B2%E5%AD%A6
古典期の哲学	認識論	https://ja.wikipedia.org/wiki/%E8%AA%8D%E8%AD%98%E8%AB%96
古典期の哲学	論理学	https://ja.wikipedia.org/wiki/%E8%AB%96%E7%90%86%E5%AD%A6
古典期の哲学	質料	https://ja.wikipedia.org/wiki/%E8%B3%AA%E6%96%99
合理論	ゴットフリート・ライプニッツ	https://ja.wikipedia.org/wiki/%E3%82%B4%E3%83%83%E3%83%88%E3%83%95%E3%83%AA%E3%83%BC%E3%83%88%E3%83%BB%E3%83%A9%E3%82%A4%E3%83%97%E3%83%8B%E3%83%83%E3%83%84
合理論	バールーフ・デ・スピノザ	https://ja.wikipedia.org/wiki/%E3%83%90%E3%83%BC%E3%83%AB%E3%83%BC%E3%83%95%E3%83%BB%E3%83%87%E3%83%BB%E3%82%B9%E3%83%94%E3%83%8E%E3%82%B6
合理論	モナドロジー	https://ja.wikipedia.org/wiki/%E3%83%A2%E3%83%8A%E3%83%89%E3%83%AD%E3%82%B8%E3%83%BC
合理論	ルネ・デカルト	https://ja.wikipedia.org/wiki/%E3%83%AB%E3%83%8D%E3%83%BB%E3%83%87%E3%82%AB%E3%83%AB%E3%83%88
合理論	充足理由律	https://ja.wikipedia.org/wiki/%E5%85%85%E8%B6%B3%E7%90%86%E7%94%B1%E5%BE%8B
合理論	実体二元論	https://ja.wikipedia.org/wiki/%E5%AE%9F%E4%BD%93%E4%BA%8C%E5%85%83%E8%AB%96
合理論	我思う、ゆえに我あり	https://ja.wikipedia.org/wiki/%E6%88%91%E6%80%9D%E3%81%86%E3%80%81%E3%82%86%E3%81%88%E3%81%AB%E6%88%91%E3%81%82%E3%82%8A
合理論	方法的懐疑	https://ja.wikipedia.org/wiki/%E6%96%B9%E6%B3%95%E7%9A%84%E6%87%90%E7%96%91
合理論	演繹	https://ja.wikipedia.org/wiki/%E6%BC%94%E7%B9%B9
啓蒙運動と近世後期の諸思想	イマヌエル・カント	https://ja.wikipedia.org/wiki/%E3%82%A4%E3%83%9E%E3%83%8C%E3%82%A8%E3%83%AB%E3%83%BB%E3%82%AB%E3%83%B3%E3%83%88
啓蒙運動と近世後期の諸思想	シャルル・ド・モンテスキュー	https://ja.wikipedia.org/wiki/%E3%82%B7%E3%83%A3%E3%83%AB%E3%83%AB%E3%83%BB%E3%83%89%E3%83%BB%E3%83%A2%E3%83%B3%E3%83%86%E3%82%B9%E3%82%AD%E3%83%A5%E3%83%BC
啓蒙運動と近世後期の諸思想	ジャン＝ジャック・ルソー	https://ja.wikipedia.org/wiki/%E3%82%B8%E3%83%A3%E3%83%B3%EF%BC%9D%E3%82%B8%E3%83%A3%E3%83%83%E3%82%AF%E3%83%BB%E3%83%AB%E3%82%BD%E3%83%BC
啓蒙運動と近世後期の諸思想	トマス・ホッブズ	https://ja.wikipedia.org/wiki/%E3%83%88%E3%83%9E%E3%82%B9%E3%83%BB%E3%83%9B%E3%83%83%E3%83%96%E3%82%BA
啓蒙運動と近世後期の諸思想	リヴァイアサン (ホッブズ)	https://ja.wikipedia.org/wiki/%E3%83%AA%E3%83%B4%E3%82%A1%E3%82%A4%E3%82%A2%E3%82%B5%E3%83%B3%20%28%E3%83%9B%E3%83%83%E3%83%96%E3%82%BA%29
啓蒙運動と近世後期の諸思想	ヴォルテール	https://ja.wikipedia.org/wiki/%E3%83%B4%E3%82%A9%E3%83%AB%E3%83%86%E3%83%BC%E3%83%AB
啓蒙運動と近世後期の諸思想	万人の万人に対する闘争	https://ja.wikipedia.org/wiki/%E4%B8%87%E4%BA%BA%E3%81%AE%E4%B8%87%E4%BA%BA%E3%81%AB%E5%AF%BE%E3%81%99%E3%82%8B%E9%97%98%E4%BA%89
啓蒙運動と近世後期の諸思想	啓蒙運動	https://ja.wikipedia.org/wiki/%E5%95%93%E8%92%99%E9%81%8B%E5%8B%95
啓蒙運動と近世後期の諸思想	民主主義	https://ja.wikipedia.org/wiki/%E6%B0%91%E4%B8%BB%E4%B8%BB%E7%BE%A9
啓蒙運動と近世後期の諸思想	独断主義	https://ja.wikipedia.org/wiki/%E7%8B%AC%E6%96%AD%E4%B8%BB%E7%BE%A9
啓蒙運動と近世後期の諸思想	社会契約	https://ja.wikipedia.org/wiki/%E7%A4%BE%E4%BC%9A%E5%A5%91%E7%B4%84
啓蒙運動と近世後期の諸思想	義務論	https://ja.wikipedia.org/wiki/%E7%BE%A9%E5%8B%99%E8%AB%96
啓蒙運動と近世後期の諸思想	超越論哲学	https://ja.wikipedia.org/wiki/%E8%B6%85%E8%B6%8A%E8%AB%96%E5%93%B2%E5%AD%A6
大陸哲学	アルベール・カミュ	https://ja.wikipedia.org/wiki/%E3%82%A2%E3%83%AB%E3%83%99%E3%83%BC%E3%83%AB%E3%83%BB%E3%82%AB%E3%83%9F%E3%83%A5
大陸哲学	イデオロギー	https://ja.wikipedia.org/wiki/%E3%82%A4%E3%83%87%E3%82%AA%E3%83%AD%E3%82%AE%E3%83%BC
大陸哲学	エトムント・フッサール	https://ja.wikipedia.org/wiki/%E3%82%A8%E3%83%88%E3%83%A0%E3%83%B3%E3%83%88%E3%83%BB%E3%83%95%E3%83%83%E3%82%B5%E3%83%BC%E3%83%AB
大陸哲学	オーギュスト・コント	https://ja.wikipedia.org/wiki/%E3%82%AA%E3%83%BC%E3%82%AE%E3%83%A5%E3%82%B9%E3%83%88%E3%83%BB%E3%82%B3%E3%83%B3%E3%83%88
大陸哲学	ジャック・デリダ	https://ja.wikipedia.org/wiki/%E3%82%B8%E3%83%A3%E3%83%83%E3%82%AF%E3%83%BB%E3%83%87%E3%83%AA%E3%83%80
大陸哲学	ジャン＝ジャック・ルソー	https://ja.wikipedia.org/wiki/%E3%82%B8%E3%83%A3%E3%83%B3%EF%BC%9D%E3%82%B8%E3%83%A3%E3%83%83%E3%82%AF%E3%83%BB%E3%83%AB%E3%82%BD%E3%83%BC
大陸哲学	ジャン＝ポール・サルトル	https://ja.wikipedia.org/wiki/%E3%82%B8%E3%83%A3%E3%83%B3%EF%BC%9D%E3%83%9D%E3%83%BC%E3%83%AB%E3%83%BB%E3%82%B5%E3%83%AB%E3%83%88%E3%83%AB
大陸哲学	ジョン・スチュアート・ミル	https://ja.wikipedia.org/wiki/%E3%82%B8%E3%83%A7%E3%83%B3%E3%83%BB%E3%82%B9%E3%83%81%E3%83%A5%E3%82%A2%E3%83%BC%E3%83%88%E3%83%BB%E3%83%9F%E3%83%AB
大陸哲学	ジル・ドゥルーズ	https://ja.wikipedia.org/wiki/%E3%82%B8%E3%83%AB%E3%83%BB%E3%83%89%E3%82%A5%E3%83%AB%E3%83%BC%E3%82%BA
大陸哲学	テオドール・アドルノ	https://ja.wikipedia.org/wiki/%E3%83%86%E3%82%AA%E3%83%89%E3%83%BC%E3%83%AB%E3%83%BB%E3%82%A2%E3%83%89%E3%83%AB%E3%83%8E
大陸哲学	ハンス・ゲオルク・ガダマー	https://ja.wikipedia.org/wiki/%E3%83%8F%E3%83%B3%E3%82%B9%E3%83%BB%E3%82%B2%E3%82%AA%E3%83%AB%E3%82%AF%E3%83%BB%E3%82%AC%E3%83%80%E3%83%9E%E3%83%BC
大陸哲学	フランクフルト学派	https://ja.wikipedia.org/wiki/%E3%83%95%E3%83%A9%E3%83%B3%E3%82%AF%E3%83%95%E3%83%AB%E3%83%88%E5%AD%A6%E6%B4%BE
大陸哲学	ヘルベルト・マルクーゼ	https://ja.wikipedia.org/wiki/%E3%83%98%E3%83%AB%E3%83%99%E3%83%AB%E3%83%88%E3%83%BB%E3%83%9E%E3%83%AB%E3%82%AF%E3%83%BC%E3%82%BC
大陸哲学	ポストモダニズム	https://ja.wikipedia.org/wiki/%E3%83%9D%E3%82%B9%E3%83%88%E3%83%A2%E3%83%80%E3%83%8B%E3%82%BA%E3%83%A0
大陸哲学	マックス・ホルクハイマー	https://ja.wikipedia.org/wiki/%E3%83%9E%E3%83%83%E3%82%AF%E3%82%B9%E3%83%BB%E3%83%9B%E3%83%AB%E3%82%AF%E3%83%8F%E3%82%A4%E3%83%9E%E3%83%BC
大陸哲学	マルティン・ハイデッガー	https://ja.wikipedia.org/wiki/%E3%83%9E%E3%83%AB%E3%83%86%E3%82%A3%E3%83%B3%E3%83%BB%E3%83%8F%E3%82%A4%E3%83%87%E3%83%83%E3%82%AC%E3%83%BC
大陸哲学	ミシェル・フーコー	https://ja.wikipedia.org/wiki/%E3%83%9F%E3%82%B7%E3%82%A7%E3%83%AB%E3%83%BB%E3%83%95%E3%83%BC%E3%82%B3%E3%83%BC
大陸哲学	不安	https://ja.wikipedia.org/wiki/%E4%B8%8D%E5%AE%89
大陸哲学	不平等	https://ja.wikipedia.org/wiki/%E4%B8%8D%E5%B9%B3%E7%AD%89
大陸哲学	不条理	https://ja.wikipedia.org/wiki/%E4%B8%8D%E6%9D%A1%E7%90%86
大陸哲学	中江兆民	https://ja.wikipedia.org/wiki/%E4%B8%AD%E6%B1%9F%E5%85%86%E6%B0%91
大陸哲学	主体と客体	https://ja.wikipedia.org/wiki/%E4%B8%BB%E4%BD%93%E3%81%A8%E5%AE%A2%E4%BD%93
大陸哲学	井上哲次郎	https://ja.wikipedia.org/wiki/%E4%BA%95%E4%B8%8A%E5%93%B2%E6%AC%A1%E9%83%8E
大陸哲学	功利主義	https://ja.wikipedia.org/wiki/%E5%8A%9F%E5%88%A9%E4%B8%BB%E7%BE%A9
大陸哲学	存在論	https://ja.wikipedia.org/wiki/%E5%AD%98%E5%9C%A8%E8%AB%96
大陸哲学	実証主義	https://ja.wikipedia.org/wiki/%E5%AE%9F%E8%A8%BC%E4%B8%BB%E7%BE%A9
大陸哲学	心の哲学	https://ja.wikipedia.org/wiki/%E5%BF%83%E3%81%AE%E5%93%B2%E5%AD%A6
大陸哲学	批判理論	https://ja.wikipedia.org/wiki/%E6%89%B9%E5%88%A4%E7%90%86%E8%AB%96
大陸哲学	東洋哲学	https://ja.wikipedia.org/wiki/%E6%9D%B1%E6%B4%8B%E5%93%B2%E5%AD%A6
大陸哲学	社会契約論	https://ja.wikipedia.org/wiki/%E7%A4%BE%E4%BC%9A%E5%A5%91%E7%B4%84%E8%AB%96
大陸哲学	社会正義	https://ja.wikipedia.org/wiki/%E7%A4%BE%E4%BC%9A%E6%AD%A3%E7%BE%A9
大陸哲学	自由民権運動	https://ja.wikipedia.org/wiki/%E8%87%AA%E7%94%B1%E6%B0%91%E6%A8%A9%E9%81%8B%E5%8B%95
大陸哲学	西周 (啓蒙家)	https://ja.wikipedia.org/wiki/%E8%A5%BF%E5%91%A8%20%28%E5%95%93%E8%92%99%E5%AE%B6%29
東洋哲学との比較	アリストテレス	https://ja.wikipedia.org/wiki/%E3%82%A2%E3%83%AA%E3%82%B9%E3%83%88%E3%83%86%E3%83%AC%E3%82%B9
東洋哲学との比較	プラトン	https://ja.wikipedia.org/wiki/%E3%83%97%E3%83%A9%E3%83%88%E3%83%B3
東洋哲学との比較	実在	https://ja.wikipedia.org/wiki/%E5%AE%9F%E5%9C%A8
東洋哲学との比較	禅宗	https://ja.wikipedia.org/wiki/%E7%A6%85%E5%AE%97
東洋哲学との比較	華厳経	https://ja.wikipedia.org/wiki/%E8%8F%AF%E5%8E%B3%E7%B5%8C
経験論	ジョン・ロック	https://ja.wikipedia.org/wiki/%E3%82%B8%E3%83%A7%E3%83%B3%E3%83%BB%E3%83%AD%E3%83%83%E3%82%AF
経験論	ジョージ・バークリー	https://ja.wikipedia.org/wiki/%E3%82%B8%E3%83%A7%E3%83%BC%E3%82%B8%E3%83%BB%E3%83%90%E3%83%BC%E3%82%AF%E3%83%AA%E3%83%BC
経験論	タブラ・ラーサ	https://ja.wikipedia.org/wiki/%E3%82%BF%E3%83%96%E3%83%A9%E3%83%BB%E3%83%A9%E3%83%BC%E3%82%B5
経験論	デイヴィッド・ヒューム	https://ja.wikipedia.org/wiki/%E3%83%87%E3%82%A4%E3%83%B4%E3%82%A3%E3%83%83%E3%83%89%E3%83%BB%E3%83%92%E3%83%A5%E3%83%BC%E3%83%A0
経験論	人間知性論	https://ja.wikipedia.org/wiki/%E4%BA%BA%E9%96%93%E7%9F%A5%E6%80%A7%E8%AB%96
経験論	第一性質	https://ja.wikipedia.org/wiki/%E7%AC%AC%E4%B8%80%E6%80%A7%E8%B3%AA
経験論	観念論	https://ja.wikipedia.org/wiki/%E8%A6%B3%E5%BF%B5%E8%AB%96
近世哲学	充足理由律	https://ja.wikipedia.org/wiki/%E5%85%85%E8%B6%B3%E7%90%86%E7%94%B1%E5%BE%8B
近世哲学	合理主義哲学	https://ja.wikipedia.org/wiki/%E5%90%88%E7%90%86%E4%B8%BB%E7%BE%A9%E5%93%B2%E5%AD%A6
近世哲学	啓蒙運動	https://ja.wikipedia.org/wiki/%E5%95%93%E8%92%99%E9%81%8B%E5%8B%95
近世哲学	無矛盾律	https://ja.wikipedia.org/wiki/%E7%84%A1%E7%9F%9B%E7%9B%BE%E5%BE%8B
近世哲学	経験論	https://ja.wikipedia.org/wiki/%E7%B5%8C%E9%A8%93%E8%AB%96
